CGP Variant;mean(F2B);mean(fit);std(fit);#nodes;p_best;mu;lambda;popsize;distance_function
standard;297120.4;0.7387242;0.23761734;600;0.192;1;4;-;-
mu+lambda;1737900.3;0.904607644;0.02960388572227309;850;0.29;21;31;-;-
mu,lambda;1278382.0;0.8432643040000001;0.1720944461004163;850;0.179;22;32;-;-
AS;117.6;1.0;0.0;50;0.004;-;-;24;1
ACS;258.0;0.9440524;0.04098902;300;0.113;-;-;10;3
MMAS;15801.0;0.94267195;0.018465457;250;0.18;-;-;30;3
ASLBT;236.4;0.9885027;0.01100255;450;0.043;-;-;12;2
